{"accuracy": [0.3284611403942108, 0.42570263147354126, 0.47731611132621765, 0.5113202929496765, 0.541594386100769, 0.5740805268287659, 0.6001040935516357, 0.6326769590377808, 0.6605222225189209, 0.6899722218513489, 0.7260149121284485, 0.7518216371536255, 0.7847415208816528, 0.8048664331436157, 0.8266828656196594, 0.8454198241233826, 0.8648508191108704, 0.871356725692749, 0.8785131573677063, 0.891871988773346, 0.8943442106246948, 0.904536783695221, 0.911693274974823, 0.9126040935516357, 0.9209750294685364, 0.9214521050453186, 0.9244014620780945, 0.9309073686599731, 0.9342470765113831, 0.9315579533576965, 0.9388879537582397, 0.9443528652191162, 0.941620409488678, 0.9389312863349915, 0.9477792978286743, 0.9494708776473999, 0.9483431577682495, 0.9530707597732544, 0.9521166086196899, 0.9567140936851501, 0.9535045027732849, 0.9557164907455444, 0.954371988773346, 0.9577116370201111, 0.9578417539596558, 0.9594032168388367, 0.9598802924156189, 0.9614850878715515, 0.958882749080658, 0.9630464911460876], "loss": [1.7534596920013428, 1.472754716873169, 1.3532747030258179, 1.268581748008728, 1.1917725801467896, 1.1193828582763672, 1.0420647859573364, 0.9623841047286987, 0.883226752281189, 0.8055649399757385, 0.7163928151130676, 0.6443405747413635, 0.5616424679756165, 0.509082555770874, 0.45770612359046936, 0.40817007422447205, 0.3620907962322235, 0.3438093066215515, 0.3219209313392639, 0.29515236616134644, 0.2817672789096832, 0.25675803422927856, 0.2354757934808731, 0.24401618540287018, 0.2205265909433365, 0.21168063580989838, 0.20278961956501007, 0.18784895539283752, 0.17848795652389526, 0.18556305766105652, 0.16848057508468628, 0.1549295336008072, 0.17015278339385986, 0.17452239990234375, 0.14894536137580872, 0.1427661031484604, 0.14145268499851227, 0.13096098601818085, 0.13256017863750458, 0.12195540219545364, 0.1329382061958313, 0.12891490757465363, 0.1304224133491516, 0.12141438573598862, 0.12210724502801895, 0.11383765190839767, 0.11701484769582748, 0.11057792603969574, 0.12019581347703934, 0.11113041639328003], "val_accuracy": [0.2081887573003769, 0.4208882749080658, 0.43893128633499146, 0.44760581851005554, 0.46877169609069824, 0.5159611105918884, 0.5364330410957336, 0.5024288892745972, 0.418459415435791, 0.5478833913803101, 0.5589868426322937, 0.5333101749420166, 0.5253296494483948, 0.5544760823249817, 0.5582928657531738, 0.5673143863677979, 0.5281054973602295, 0.5544760823249817, 0.5416377782821655, 0.5596807599067688, 0.5447605848312378, 0.5631505846977234, 0.5464954972267151, 0.4694656431674957, 0.5579458475112915, 0.5527411699295044, 0.5430256724357605, 0.5510062575340271, 0.5544760823249817, 0.5451075434684753, 0.5548230409622192, 0.562109649181366, 0.5142262578010559, 0.5142262578010559, 0.5624566078186035, 0.5659264326095581, 0.5634975433349609, 0.5527411699295044, 0.4656488597393036, 0.5617626905441284, 0.562109649181366, 0.5766828656196594, 0.5638445615768433, 0.5728660821914673, 0.557598888874054, 0.5482304096221924, 0.5766828656196594, 0.5586398243904114, 0.532963216304779, 0.5437196493148804], "val_loss": [1.8149346113204956, 1.5056829452514648, 1.460492730140686, 1.41888427734375, 1.3631505966186523, 1.3086122274398804, 1.267008900642395, 1.3790946006774902, 1.6829097270965576, 1.296552300453186, 1.3358567953109741, 1.441920280456543, 1.5495755672454834, 1.535444736480713, 1.6857070922851562, 1.6980446577072144, 1.8697417974472046, 1.9889070987701416, 2.150932550430298, 2.253385305404663, 2.0908966064453125, 2.183089017868042, 2.449904441833496, 2.6849417686462402, 2.394423723220825, 2.3884716033935547, 2.9451451301574707, 2.663444995880127, 2.8160855770111084, 2.675950050354004, 2.5384461879730225, 2.730210304260254, 4.148521423339844, 3.1385509967803955, 2.775343418121338, 2.6682815551757812, 2.9594056606292725, 3.2154746055603027, 2.5619845390319824, 3.4583120346069336, 2.9604597091674805, 3.099277973175049, 3.0334622859954834, 3.188108205795288, 2.5900914669036865, 2.839801073074341, 3.056447744369507, 2.613651752471924, 3.145169734954834, 3.55737042427063]}